-- Data export for AWS RDS migration
-- Generated on 2025-05-22T06:24:18.588Z

USE gudang1;

-- Data for table categories
DELETE FROM categories;
INSERT INTO categories VALUES
('58043a89-b0f8-4235-93af-3cc1b83fb4f9', 'Office', 'Software applications and licenses', '2025-05-01 08:05:16'),
('69aff729-c1a2-4a30-9c6c-ce52163c21ea', 'Other', 'ATK', '2025-05-01 12:03:07'),
('09fd6e98-3514-11f0-aa83-9828a6127832', 'Electronics', 'Items categorized as electronics', '2025-05-20 00:47:43'),
('09fe6b9b-3514-11f0-aa83-9828a6127832', 'Furniture', 'Items categorized as furniture', '2025-05-20 00:47:43'),
('09ff4edd-3514-11f0-aa83-9828a6127832', 'Office Supplies', 'Items categorized as office supplies', '2025-05-20 00:47:43'),
('be779c2f-3515-11f0-aa83-9828a6127832', 'Cleaning Materials', 'A&B', '2025-05-20 00:59:55');

-- Data for table items
DELETE FROM items;
INSERT INTO items VALUES
(2, 'Monitor', '24 inch display', 9, 3, '0.00', 1, 'electronics', '2025-05-18 23:46:08', '2025-05-19 07:55:30', 'in-stock'),
(3, 'Keyboard', 'Mechanical keyboard', 10, 3, '0.00', 1, 'electronics', '2025-05-18 23:46:08', '2025-05-18 23:46:08', 'in-stock'),
(4, 'Mouse', 'Wireless mouse', 10, 5, '0.00', 1, 'electronics', '2025-05-18 23:46:08', '2025-05-22 01:10:20', 'in-stock'),
(5, 'Office Chair', 'Ergonomic chair', 3, 1, '0.00', 1, 'furniture', '2025-05-18 23:46:08', '2025-05-18 23:46:08', 'in-stock'),
(6, 'Desk', 'Standing desk', 2, 1, '0.00', 1, 'furniture', '2025-05-18 23:46:08', '2025-05-18 23:46:08', 'in-stock'),
(7, 'Printer Paper', 'A4 size, 500 sheets', 20, 5, '0.00', 1, 'office-supplies', '2025-05-18 23:46:08', '2025-05-18 23:46:08', 'in-stock'),
(8, 'Pens', 'Blue ballpoint pens', 50, 10, '0.00', 1, 'office-supplies', '2025-05-18 23:46:08', '2025-05-18 23:46:08', 'in-stock'),
(10, 'Galon', 'Air', 13, 2, '0.00', 1, 'other', '2025-05-19 13:03:07', '2025-05-19 22:57:00', 'in-stock'),
(11, 'Kanebo', 'kering', 5, 1, '0.00', 1, 'cleaning-materials', '2025-05-20 01:00:28', '2025-05-20 01:00:28', 'in-stock'),
(226, 'Solatip transparan Sedang', '-', 10, 2, '0.00', 1, 'Office-supplies', '2025-05-20 03:30:32', '2025-05-20 03:30:32', 'in-stock'),
(227, 'Solatip transparan Besar', '-', 5, 1, '0.00', 1, 'Office-supplies', '2025-05-20 03:30:32', '2025-05-20 03:30:32', 'in-stock'),
(228, 'Lakban Kertas Kecil', '-', 10, 2, '0.00', 1, 'Office-supplies', '2025-05-20 03:30:32', '2025-05-20 03:30:32', 'in-stock'),
(229, 'Lakban Kertas Besar', '-', 10, 2, '0.00', 1, 'Office-supplies', '2025-05-20 03:30:32', '2025-05-20 03:30:32', 'in-stock'),
(230, 'Double tape 1 In', '-', 10, 2, '0.00', 1, 'Office-supplies', '2025-05-20 03:30:32', '2025-05-20 03:30:32', 'in-stock'),
(231, 'Double tape 2 in', '-', 10, 2, '0.00', 1, 'Office-supplies', '2025-05-20 03:30:32', '2025-05-20 03:30:32', 'in-stock'),
(232, 'Double tape 1/2 in', '-', 10, 2, '0.00', 1, 'office-supplies', '2025-05-20 04:01:22', '2025-05-20 04:01:22', 'in-stock'),
(233, 'Lakban Kuning 2 In', '-', 10, 2, '0.00', 1, 'office-supplies', '2025-05-20 04:01:22', '2025-05-20 04:01:22', 'in-stock'),
(234, 'Lakban Kuning 1 In', '-', 10, 2, '0.00', 1, 'office-supplies', '2025-05-20 04:01:22', '2025-05-20 04:01:22', 'in-stock'),
(235, 'Lakban Hitam 2 In', '-', 10, 2, '0.00', 1, 'office-supplies', '2025-05-20 04:01:22', '2025-05-20 04:01:22', 'in-stock'),
(236, 'Lakban Hitam 1 In', '-', 10, 2, '0.00', 1, 'office-supplies', '2025-05-20 04:01:22', '2025-05-20 04:01:22', 'in-stock'),
(237, 'Lakban Merah', '-', 10, 2, '0.00', 1, 'office-supplies', '2025-05-20 04:02:34', '2025-05-20 04:02:34', 'in-stock'),
(238, 'Lakban Hijau', '-', 10, 2, '0.00', 1, 'office-supplies', '2025-05-20 04:02:34', '2025-05-20 04:02:34', 'in-stock'),
(239, 'Double tape 3M', '-', 10, 2, '0.00', 1, 'office-supplies', '2025-05-20 04:02:34', '2025-05-20 04:02:34', 'in-stock'),
(240, 'Double tip 1/2 In', '-', 10, 2, '0.00', 1, 'office-supplies', '2025-05-20 04:02:34', '2025-05-20 04:02:34', 'in-stock'),
(241, 'Kertas HVS A4', '-', 10, 2, '0.00', 1, 'office-supplies', '2025-05-20 04:02:35', '2025-05-20 04:02:35', 'in-stock'),
(242, 'Penggaris 30 cm', '-', 10, 2, '0.00', 1, 'office-supplies', '2025-05-20 04:02:35', '2025-05-20 04:02:35', 'in-stock'),
(243, 'Penggaris besi 15 cm', '-', 10, 2, '0.00', 1, 'office-supplies', '2025-05-20 04:02:35', '2025-05-20 04:02:35', 'in-stock'),
(244, 'Label No.103', '-', 10, 2, '0.00', 1, 'office-supplies', '2025-05-20 04:02:35', '2025-05-20 04:02:35', 'in-stock'),
(245, 'Label No.112', '-', 10, 2, '0.00', 1, 'office-supplies', '2025-05-20 04:02:35', '2025-05-20 04:02:35', 'in-stock'),
(246, 'Label No.104', '-', 10, 2, '0.00', 1, 'office-supplies', '2025-05-20 04:02:35', '2025-05-20 04:02:35', 'in-stock'),
(247, 'Label No.108', '-', 10, 2, '0.00', 1, 'office-supplies', '2025-05-20 04:02:35', '2025-05-20 04:02:35', 'in-stock'),
(248, 'Label No.123', '-', 10, 2, '0.00', 1, 'office-supplies', '2025-05-20 04:02:35', '2025-05-20 04:02:35', 'in-stock'),
(249, 'Label No.121', '-', 10, 2, '0.00', 1, 'office-supplies', '2025-05-20 04:02:35', '2025-05-20 04:02:35', 'in-stock'),
(250, 'Spidol Stabilo', '-', 10, 2, '0.00', 1, 'office-supplies', '2025-05-20 04:02:35', '2025-05-20 04:02:35', 'in-stock'),
(251, 'Isi Strepless No. 10-1M', '-', 10, 2, '0.00', 1, 'office-supplies', '2025-05-20 04:02:35', '2025-05-20 04:02:35', 'in-stock'),
(252, 'Strepless Tembak', '-', 10, 2, '0.00', 1, 'office-supplies', '2025-05-20 04:02:35', '2025-05-20 04:02:35', 'in-stock'),
(253, 'Strepless Tembak Stenlis', '-', 10, 2, '0.00', 1, 'office-supplies', '2025-05-20 04:02:35', '2025-05-20 04:02:35', 'in-stock'),
(254, 'Strepless Sedang', '-', 10, 2, '0.00', 1, 'office-supplies', '2025-05-20 04:02:35', '2025-05-20 04:02:35', 'in-stock'),
(255, 'Strepless Kecil', '-', 10, 2, '0.00', 1, 'office-supplies', '2025-05-20 04:02:35', '2025-05-20 04:02:35', 'in-stock'),
(256, 'Paper Klip', '-', 10, 2, '0.00', 1, 'office-supplies', '2025-05-20 04:02:35', '2025-05-20 04:02:35', 'in-stock'),
(257, 'Sticky note', '-', 10, 2, '0.00', 1, 'office-supplies', '2025-05-20 04:02:35', '2025-05-20 04:02:35', 'in-stock'),
(258, 'Sticky note (Sign here)', '-', 10, 2, '0.00', 1, 'office-supplies', '2025-05-20 04:02:35', '2025-05-20 04:02:35', 'in-stock'),
(259, 'tipe x', '-', 10, 2, '0.00', 1, 'office-supplies', '2025-05-20 04:02:35', '2025-05-20 04:02:35', 'in-stock'),
(260, 'Pulpen Standar Merah', '-', 10, 2, '0.00', 1, 'office-supplies', '2025-05-20 04:02:35', '2025-05-20 04:02:35', 'in-stock'),
(261, 'Post It', '-', 10, 2, '0.00', 1, 'office-supplies', '2025-05-20 04:02:35', '2025-05-20 04:02:35', 'in-stock'),
(262, 'Buku Saku', '-', 10, 2, '0.00', 1, 'office-supplies', '2025-05-20 04:02:35', '2025-05-20 04:02:35', 'in-stock'),
(263, 'Pulpen standart Hitam', '-', 10, 2, '0.00', 1, 'office-supplies', '2025-05-20 04:02:35', '2025-05-20 04:02:35', 'in-stock'),
(264, 'Pulpen standart Biru', '-', 10, 2, '0.00', 1, 'office-supplies', '2025-05-20 04:02:35', '2025-05-20 04:02:35', 'in-stock'),
(265, 'Binder Klips No. 260', '-', 10, 2, '0.00', 1, 'office-supplies', '2025-05-20 04:02:35', '2025-05-20 04:02:35', 'in-stock'),
(266, 'Binder Klips No. 200', '-', 10, 2, '0.00', 1, 'office-supplies', '2025-05-20 04:02:35', '2025-05-20 04:02:35', 'in-stock'),
(267, 'Binder Klips No. 111', '-', 10, 2, '0.00', 1, 'office-supplies', '2025-05-20 04:02:35', '2025-05-20 04:02:35', 'in-stock'),
(268, 'Binder Klips No. 155', '-', 10, 2, '0.00', 1, 'office-supplies', '2025-05-20 04:02:35', '2025-05-20 04:02:35', 'in-stock'),
(269, 'Penghapus Papan Tulis', '-', 10, 2, '0.00', 1, 'office-supplies', '2025-05-20 04:02:35', '2025-05-20 04:02:35', 'in-stock'),
(270, 'Revil Stamp Pad INK Merk Piramid', '-', 10, 2, '0.00', 1, 'office-supplies', '2025-05-20 04:02:35', '2025-05-20 04:02:35', 'in-stock'),
(271, 'Revil Stamp Pad INK Merk JOYKO Merah', '-', 10, 2, '0.00', 1, 'office-supplies', '2025-05-20 04:02:35', '2025-05-20 04:02:35', 'in-stock'),
(272, 'Revil Stamp Pad INK Mini', '-', 10, 2, '0.00', 1, 'office-supplies', '2025-05-20 04:02:35', '2025-05-20 04:02:35', 'in-stock'),
(273, 'Glue Stick', '-', 10, 2, '0.00', 1, 'office-supplies', '2025-05-20 04:02:35', '2025-05-20 04:02:35', 'in-stock'),
(274, 'Line Stamp Pad Artline', '-', 10, 2, '0.00', 1, 'office-supplies', '2025-05-20 04:02:35', '2025-05-20 04:02:35', 'in-stock'),
(275, 'Isi Priter label it', '-', 10, 2, '0.00', 1, 'office-supplies', '2025-05-20 04:02:35', '2025-05-20 04:02:35', 'in-stock'),
(276, 'Baterai Alkaline Kotak', '-', 10, 2, '0.00', 1, 'office-supplies', '2025-05-20 04:02:35', '2025-05-20 04:02:35', 'in-stock'),
(277, 'Baterai Alkaline A2', '-', 10, 2, '0.00', 1, 'office-supplies', '2025-05-20 04:02:35', '2025-05-20 04:02:35', 'in-stock'),
(278, 'Baterai Alkaline A3', '-', 10, 2, '0.00', 1, 'office-supplies', '2025-05-20 04:02:35', '2025-05-20 04:02:35', 'in-stock'),
(279, 'Baterai TOA', '-', 10, 2, '0.00', 1, 'office-supplies', '2025-05-20 04:02:35', '2025-05-20 04:02:35', 'in-stock'),
(280, 'Pembolong Kertas Besar', '-', 10, 2, '0.00', 1, 'office-supplies', '2025-05-20 04:02:35', '2025-05-20 04:02:35', 'in-stock'),
(281, 'cutter Besar', '-', 10, 2, '0.00', 1, 'office-supplies', '2025-05-20 04:02:35', '2025-05-20 04:02:35', 'in-stock'),
(282, 'cutter Kecil', '-', 10, 2, '0.00', 1, 'office-supplies', '2025-05-20 04:02:35', '2025-05-20 04:02:35', 'in-stock'),
(283, 'Pembolong Kertas Kecil', '-', 10, 2, '0.00', 1, 'office-supplies', '2025-05-20 04:02:35', '2025-05-20 04:02:35', 'in-stock'),
(284, 'Isi Cutter', '-', 10, 2, '0.00', 1, 'office-supplies', '2025-05-20 04:02:35', '2025-05-20 04:02:35', 'in-stock'),
(285, 'Refill INK Permanen Biru', '-', 10, 2, '0.00', 1, 'office-supplies', '2025-05-20 04:02:35', '2025-05-20 04:02:35', 'in-stock'),
(286, 'Refill INK Permanen Hitam', '-', 10, 2, '0.00', 1, 'office-supplies', '2025-05-20 04:02:35', '2025-05-20 04:02:35', 'in-stock'),
(287, 'Refill INK Permanen Merah', '-', 10, 2, '0.00', 1, 'office-supplies', '2025-05-20 04:02:35', '2025-05-20 04:02:35', 'in-stock'),
(288, 'Refill INK Hitam', '-', 10, 2, '0.00', 1, 'office-supplies', '2025-05-20 04:02:35', '2025-05-20 04:02:35', 'in-stock'),
(289, 'Refill INK Merah', '-', 10, 2, '0.00', 1, 'office-supplies', '2025-05-20 04:02:35', '2025-05-20 04:02:35', 'in-stock'),
(290, 'Refill INK Biru', '-', 10, 2, '0.00', 1, 'office-supplies', '2025-05-20 04:02:35', '2025-05-20 04:02:35', 'in-stock'),
(291, 'Spidol Snowman Merah', '-', 10, 2, '0.00', 1, 'office-supplies', '2025-05-20 04:02:35', '2025-05-20 04:02:35', 'in-stock'),
(292, 'Spidol Snowman Biru', '-', 10, 2, '0.00', 1, 'office-supplies', '2025-05-20 04:02:35', '2025-05-20 04:02:35', 'in-stock'),
(293, 'Spidol Snowman Hitam', '-', 10, 2, '0.00', 1, 'office-supplies', '2025-05-20 04:02:35', '2025-05-20 04:02:35', 'in-stock'),
(294, 'Spidol Snowman Merah Permanent', '-', 10, 2, '0.00', 1, 'office-supplies', '2025-05-20 04:02:35', '2025-05-20 04:02:35', 'in-stock'),
(295, 'Spidol Snowman Biru Permanent', '-', 10, 2, '0.00', 1, 'office-supplies', '2025-05-20 04:02:35', '2025-05-20 04:02:35', 'in-stock'),
(296, 'Spidol Snowman Hitam Permanent', '-', 10, 2, '0.00', 1, 'office-supplies', '2025-05-20 04:02:35', '2025-05-20 04:02:35', 'in-stock'),
(297, 'Spidol Snowman Kecil', '-', 10, 2, '0.00', 1, 'office-supplies', '2025-05-20 04:02:35', '2025-05-20 04:02:35', 'in-stock'),
(298, 'Tinta Infus', '-', 10, 2, '0.00', 1, 'office-supplies', '2025-05-20 04:02:35', '2025-05-20 04:02:35', 'in-stock'),
(299, 'Tinta Printer Epson 664 Hitam', '-', 10, 2, '0.00', 1, 'office-supplies', '2025-05-20 04:02:35', '2025-05-20 04:02:35', 'in-stock'),
(300, 'Tinta Printer Epson 664 Merah', '-', 10, 2, '0.00', 1, 'office-supplies', '2025-05-20 04:02:35', '2025-05-20 04:02:35', 'in-stock'),
(301, 'Tinta Printer Epson 664 Biru', '-', 10, 2, '0.00', 1, 'office-supplies', '2025-05-20 04:02:35', '2025-05-20 04:02:35', 'in-stock'),
(302, 'Tinta Printer Epson 664 Kuning', '-', 10, 2, '0.00', 1, 'office-supplies', '2025-05-20 04:02:35', '2025-05-20 04:02:35', 'in-stock'),
(303, 'Tinta Spidol Faber Castel', '-', 10, 2, '0.00', 1, 'office-supplies', '2025-05-20 04:02:35', '2025-05-20 04:02:35', 'in-stock'),
(304, 'Tinta Printer Epson 003 Hitam', '-', 10, 2, '0.00', 1, 'office-supplies', '2025-05-20 04:02:35', '2025-05-20 04:02:35', 'in-stock'),
(305, 'Tinta Printer Epson 003 Merah', '-', 10, 2, '0.00', 1, 'office-supplies', '2025-05-20 04:02:35', '2025-05-20 04:02:35', 'in-stock'),
(306, 'Tinta Printer Epson 003 Biru', '-', 10, 2, '0.00', 1, 'office-supplies', '2025-05-20 04:02:35', '2025-05-20 04:02:35', 'in-stock'),
(307, 'Tinta Printer Epson 003 Kuning', '-', 10, 2, '0.00', 1, 'office-supplies', '2025-05-20 04:02:35', '2025-05-20 04:02:35', 'in-stock'),
(308, 'Clear Holder', '-', 10, 2, '0.00', 1, 'office-supplies', '2025-05-20 04:02:35', '2025-05-20 04:02:35', 'in-stock'),
(309, 'Map Kertas', '-', 10, 2, '0.00', 1, 'office-supplies', '2025-05-20 04:02:35', '2025-05-20 04:02:35', 'in-stock'),
(310, 'Map Batik', '-', 10, 2, '0.00', 1, 'office-supplies', '2025-05-20 04:02:35', '2025-05-20 04:02:35', 'in-stock'),
(311, 'Bussines File A4', '-', 10, 2, '0.00', 1, 'office-supplies', '2025-05-20 04:02:35', '2025-05-20 04:02:35', 'in-stock'),
(312, 'Map L', '-', 10, 2, '0.00', 1, 'office-supplies', '2025-05-20 04:02:35', '2025-05-20 04:02:35', 'in-stock'),
(313, 'Kertas Foto', '-', 10, 2, '0.00', 1, 'office-supplies', '2025-05-20 04:02:35', '2025-05-20 04:02:35', 'in-stock'),
(314, 'Isi Clear Holder A4', '-', 10, 2, '0.00', 1, 'office-supplies', '2025-05-20 04:02:35', '2025-05-20 04:02:35', 'in-stock'),
(315, 'Plastik Laminating', '-', 10, 2, '0.00', 1, 'office-supplies', '2025-05-20 04:02:35', '2025-05-20 04:02:35', 'in-stock'),
(316, 'Jurnal PKL ', '-', 10, 2, '0.00', 1, 'office-supplies', '2025-05-20 04:02:35', '2025-05-20 04:02:35', 'in-stock'),
(317, 'Kwitansi BOSS', '-', 10, 2, '0.00', 1, 'office-supplies', '2025-05-20 04:02:35', '2025-05-20 04:02:35', 'in-stock'),
(318, 'Kwitansi Kasbon', '-', 10, 2, '0.00', 1, 'office-supplies', '2025-05-20 04:02:35', '2025-05-20 04:02:35', 'in-stock'),
(319, 'Kwitansi SMK MITRA INDUSTRI', '-', 10, 2, '0.00', 1, 'office-supplies', '2025-05-20 04:02:35', '2025-05-20 04:02:35', 'in-stock'),
(320, 'Kwitansi Yayasan', '-', 10, 2, '0.00', 1, 'office-supplies', '2025-05-20 04:02:35', '2025-05-20 04:02:35', 'in-stock'),
(321, 'Kwitansi PR', '-', 10, 2, '0.00', 1, 'office-supplies', '2025-05-20 04:02:35', '2025-05-20 04:02:35', 'in-stock'),
(322, 'Kwitansi PO', '-', 10, 2, '0.00', 1, 'office-supplies', '2025-05-20 04:02:35', '2025-05-20 04:02:35', 'in-stock'),
(323, 'Form Izin', '-', 10, 2, '0.00', 1, 'office-supplies', '2025-05-20 04:02:35', '2025-05-20 04:02:35', 'in-stock'),
(324, 'Kwitansi PRF', '-', 10, 2, '0.00', 1, 'office-supplies', '2025-05-20 04:02:35', '2025-05-20 04:02:35', 'in-stock'),
(325, 'Kertas KOP', '-', 10, 2, '0.00', 1, 'office-supplies', '2025-05-20 04:02:35', '2025-05-20 04:02:35', 'in-stock'),
(326, 'Kiwitansi Tanda Terima', '-', 10, 2, '0.00', 1, 'office-supplies', '2025-05-20 04:02:35', '2025-05-20 04:02:35', 'in-stock'),
(327, 'Form Perintah Lembur ', '-', 10, 2, '0.00', 1, 'office-supplies', '2025-05-20 04:02:35', '2025-05-20 04:02:35', 'in-stock'),
(328, 'Form Cuti', '-', 10, 2, '0.00', 1, 'office-supplies', '2025-05-20 04:02:35', '2025-05-20 04:02:35', 'in-stock'),
(329, 'Clear Holder', '-', 10, 2, '0.00', 1, 'office-supplies', '2025-05-20 04:02:35', '2025-05-20 04:02:35', 'in-stock'),
(330, 'Map Kertas', '-', 10, 2, '0.00', 1, 'office-supplies', '2025-05-20 04:02:35', '2025-05-20 04:02:35', 'in-stock'),
(331, 'Map Batik', '-', 10, 2, '0.00', 1, 'office-supplies', '2025-05-20 04:02:35', '2025-05-20 04:02:35', 'in-stock'),
(332, 'Bussines File A4', '-', 10, 2, '0.00', 1, 'office-supplies', '2025-05-20 04:02:35', '2025-05-20 04:02:35', 'in-stock'),
(333, 'Map L', '-', 10, 2, '0.00', 1, 'office-supplies', '2025-05-20 04:02:35', '2025-05-20 04:02:35', 'in-stock'),
(334, 'Kertas Foto', '-', 10, 2, '0.00', 1, 'office-supplies', '2025-05-20 04:02:35', '2025-05-20 04:02:35', 'in-stock'),
(335, 'Isi Clear Holder A4', '-', 10, 2, '0.00', 1, 'office-supplies', '2025-05-20 04:02:35', '2025-05-20 04:02:35', 'in-stock'),
(336, 'Plastik Laminating', '-', 10, 2, '0.00', 1, 'office-supplies', '2025-05-20 04:02:35', '2025-05-20 04:02:35', 'in-stock'),
(337, 'Papan Ujian', '-', 10, 2, '0.00', 1, 'office-supplies', '2025-05-20 04:02:35', '2025-05-20 04:02:35', 'in-stock'),
(338, 'Spiral Jilid Hitam Kecil', '-', 10, 2, '0.00', 1, 'office-supplies', '2025-05-20 04:02:35', '2025-05-20 04:02:35', 'in-stock'),
(339, 'Spiral Jilid Hitam Besar', '-', 10, 2, '0.00', 1, 'office-supplies', '2025-05-20 04:02:35', '2025-05-20 04:02:35', 'in-stock'),
(340, 'Spiral Jilid Putih', '-', 10, 2, '0.00', 1, 'office-supplies', '2025-05-20 04:02:35', '2025-05-20 04:02:35', 'in-stock'),
(341, 'Bantek Hitam Kecil', '-', 10, 2, '0.00', 1, 'office-supplies', '2025-05-20 04:02:35', '2025-05-20 04:02:35', 'in-stock'),
(342, 'Bantek Biru', '-', 10, 2, '0.00', 1, 'office-supplies', '2025-05-20 04:02:35', '2025-05-20 04:02:35', 'in-stock'),
(343, 'Ordner Kecil ', '-', 10, 2, '0.00', 1, 'office-supplies', '2025-05-20 04:02:35', '2025-05-20 04:02:35', 'in-stock'),
(344, 'Ordner Besar', '-', 10, 2, '0.00', 1, 'office-supplies', '2025-05-20 04:02:35', '2025-05-20 04:02:35', 'in-stock'),
(345, 'Label File ( Hijau )', '-', 10, 2, '0.00', 1, 'office-supplies', '2025-05-20 04:02:35', '2025-05-20 04:02:35', 'in-stock'),
(346, 'Plastik Jilid', '-', 10, 2, '0.00', 1, 'office-supplies', '2025-05-20 04:02:35', '2025-05-20 04:02:35', 'in-stock'),
(347, 'Line Siku', '-', 10, 2, '0.00', 1, 'office-supplies', '2025-05-20 04:02:35', '2025-05-20 04:02:35', 'in-stock'),
(348, 'Line roll', '-', 10, 2, '0.00', 1, 'office-supplies', '2025-05-20 04:02:35', '2025-05-20 04:02:35', 'in-stock'),
(349, 'Bahan Id Card', '-', 10, 2, '0.00', 1, 'office-supplies', '2025-05-20 04:02:35', '2025-05-20 04:02:35', 'in-stock'),
(350, 'Pin Tusuk Kenko', '-', 10, 2, '0.00', 1, 'office-supplies', '2025-05-20 04:02:35', '2025-05-20 04:02:35', 'in-stock'),
(351, 'Hair pin', '-', 10, 2, '0.00', 1, 'office-supplies', '2025-05-20 04:02:35', '2025-05-20 04:02:35', 'in-stock'),
(352, 'Jepit lidi', '-', 10, 2, '0.00', 1, 'office-supplies', '2025-05-20 04:02:35', '2025-05-20 04:02:35', 'in-stock'),
(353, 'Penggaris Bulat', '-', 10, 2, '0.00', 1, 'office-supplies', '2025-05-20 04:02:35', '2025-05-20 04:02:35', 'in-stock'),
(354, 'Gunting', '-', 10, 2, '0.00', 1, 'office-supplies', '2025-05-20 04:02:35', '2025-05-20 04:02:35', 'in-stock'),
(355, 'Pita emas', '-', 10, 2, '0.00', 1, 'office-supplies', '2025-05-20 04:02:35', '2025-05-20 04:02:35', 'in-stock'),
(356, 'Pita merah', '-', 10, 2, '0.00', 1, 'office-supplies', '2025-05-20 04:02:35', '2025-05-20 04:02:35', 'in-stock'),
(357, 'Pita Biru', '-', 10, 2, '0.00', 1, 'office-supplies', '2025-05-20 04:02:35', '2025-05-20 04:02:35', 'in-stock'),
(358, 'Peniti', '-', 10, 2, '0.00', 1, 'office-supplies', '2025-05-20 04:02:35', '2025-05-20 04:02:35', 'in-stock'),
(359, 'Kabel tis', '-', 10, 2, '0.00', 1, 'office-supplies', '2025-05-20 04:02:35', '2025-05-20 04:02:35', 'in-stock'),
(360, 'Jarum Pentul', '-', 10, 2, '0.00', 1, 'office-supplies', '2025-05-20 04:02:35', '2025-05-20 04:02:35', 'in-stock'),
(361, 'Cover Raport', '-', 10, 2, '0.00', 1, 'office-supplies', '2025-05-20 04:02:35', '2025-05-20 04:02:35', 'in-stock'),
(362, 'Kertas concorde A4', '-', 10, 2, '0.00', 1, 'office-supplies', '2025-05-20 04:02:35', '2025-05-20 04:02:35', 'in-stock'),
(363, 'Kertas Concord', '-', 10, 2, '0.00', 1, 'office-supplies', '2025-05-20 04:02:35', '2025-05-20 04:02:35', 'in-stock'),
(364, 'Kertas HVS A3', '-', 10, 2, '0.00', 1, 'office-supplies', '2025-05-20 04:02:35', '2025-05-20 04:02:35', 'in-stock'),
(365, 'Kertas HVS F4', '-', 10, 2, '0.00', 1, 'office-supplies', '2025-05-20 04:02:35', '2025-05-20 04:02:35', 'in-stock'),
(366, 'Piala', '-', 10, 2, '0.00', 1, 'office-supplies', '2025-05-20 04:02:35', '2025-05-20 04:02:35', 'in-stock'),
(367, 'Cartridge LQ-310', '-', 10, 2, '0.00', 1, 'office-supplies', '2025-05-20 04:02:35', '2025-05-20 04:02:35', 'in-stock'),
(368, 'Sertifikat PKL', '-', 10, 2, '0.00', 1, 'office-supplies', '2025-05-20 04:02:35', '2025-05-20 04:02:35', 'in-stock'),
(369, 'Kertas Flipcart', '-', 10, 2, '0.00', 1, 'office-supplies', '2025-05-20 04:02:35', '2025-05-20 04:02:35', 'in-stock'),
(370, 'Buku Agenda Guru', '-', 10, 2, '0.00', 1, 'office-supplies', '2025-05-20 04:02:35', '2025-05-20 04:02:35', 'in-stock'),
(371, 'Buku Tata Tertib Besar Angkatan 7', '-', 10, 2, '0.00', 1, 'office-supplies', '2025-05-20 04:02:35', '2025-05-20 04:02:35', 'in-stock'),
(372, 'Buku Tata Tertib Besar Angkatan 8', '-', 10, 2, '0.00', 1, 'office-supplies', '2025-05-20 04:02:35', '2025-05-20 04:02:35', 'in-stock'),
(373, 'Buku Tata Tertib Kecil Angkatan 7', '-', 10, 2, '0.00', 1, 'office-supplies', '2025-05-20 04:02:35', '2025-05-20 04:02:35', 'in-stock'),
(374, 'Buku Tata Tertib Kecil Angkatan 8', '-', 10, 2, '0.00', 1, 'office-supplies', '2025-05-20 04:02:35', '2025-05-20 04:02:35', 'in-stock'),
(375, 'Kertas Buffalo A4 Hijau', '-', 10, 2, '0.00', 1, 'office-supplies', '2025-05-20 04:02:35', '2025-05-20 04:02:35', 'in-stock'),
(376, 'Kertas HVS A4 Hijau', '-', 10, 2, '0.00', 1, 'office-supplies', '2025-05-20 04:02:35', '2025-05-20 04:02:35', 'in-stock'),
(377, 'Kertas HVS A4 Merah', '-', 10, 2, '0.00', 1, 'office-supplies', '2025-05-20 04:02:35', '2025-05-20 04:02:35', 'in-stock'),
(378, 'Kertas HVS A4 Orange', '-', 10, 2, '0.00', 1, 'office-supplies', '2025-05-20 04:02:35', '2025-05-20 04:02:35', 'in-stock'),
(379, 'Kertas HVS A4 Kuning', '-', 10, 2, '0.00', 1, 'office-supplies', '2025-05-20 04:02:35', '2025-05-20 04:02:35', 'in-stock'),
(380, 'Kertas HVS A4 Biru', '-', 10, 2, '0.00', 1, 'office-supplies', '2025-05-20 04:02:35', '2025-05-20 04:02:35', 'in-stock'),
(381, 'Kertas Concord F4', '-', 10, 2, '0.00', 1, 'office-supplies', '2025-05-20 04:02:35', '2025-05-20 04:02:35', 'in-stock'),
(382, 'Map Coklat', '-', 10, 2, '0.00', 1, 'office-supplies', '2025-05-20 04:02:35', '2025-05-20 04:02:35', 'in-stock'),
(383, 'Kertas HVS A4 Biru', '-', 10, 2, '0.00', 1, 'office-supplies', '2025-05-20 04:02:35', '2025-05-20 04:02:35', 'in-stock'),
(384, 'Kertas Kalkir', '-', 10, 2, '0.00', 1, 'office-supplies', '2025-05-20 04:02:36', '2025-05-20 04:02:36', 'in-stock'),
(385, 'Kertas Buffalo A4 Kuning', '-', 10, 2, '0.00', 1, 'office-supplies', '2025-05-20 04:02:36', '2025-05-20 04:02:36', 'in-stock'),
(386, 'Tisu Multi Orange', '-', 10, 2, '0.00', 0, 'other', '2025-05-20 04:04:43', '2025-05-20 04:06:24', 'in-stock'),
(387, 'Tisu Kasar', '-', 10, 2, '0.00', 0, 'other', '2025-05-20 04:04:44', '2025-05-20 04:06:26', 'in-stock'),
(388, 'Tisu Multi Orange', '-', 10, 2, '0.00', 1, 'cleaning-materials', '2025-05-20 04:06:59', '2025-05-20 04:07:45', 'in-stock'),
(389, 'Tisu Kasar', '-', 10, 2, '0.00', 1, 'cleaning-materials', '2025-05-20 04:06:59', '2025-05-20 04:07:51', 'in-stock'),
(390, 'Tisu Gulung', '-', 10, 2, '0.00', 1, 'cleaning-materials', '2025-05-20 04:09:04', '2025-05-20 04:09:17', 'in-stock'),
(391, 'Masker ', '-', 10, 2, '0.00', 1, 'cleaning-materials', '2025-05-20 04:09:04', '2025-05-20 04:14:02', 'in-stock'),
(392, 'Sabun cuci piring', '-', 10, 2, '0.00', 1, 'cleaning-materials', '2025-05-20 04:09:04', '2025-05-20 04:09:24', 'in-stock'),
(393, 'Glade Gantung', '-', 10, 2, '0.00', 1, 'cleaning-materials', '2025-05-20 04:09:04', '2025-05-20 04:09:31', 'in-stock'),
(394, 'Glade Semprot', '-', 10, 2, '0.00', 1, 'cleaning-materials', '2025-05-20 04:09:04', '2025-05-20 04:13:56', 'in-stock'),
(395, 'Casing stella otomatis ', '-', 10, 2, '0.00', 1, 'cleaning-materials', '2025-05-20 04:09:04', '2025-05-20 04:09:37', 'in-stock'),
(396, 'Stella isi ulang', '-', 10, 2, '0.00', 1, 'cleaning-materials', '2025-05-20 04:09:04', '2025-05-20 04:09:43', 'in-stock'),
(397, 'Majun', '-', 10, 2, '0.00', 1, 'cleaning-materials', '2025-05-20 04:09:04', '2025-05-20 04:09:49', 'in-stock'),
(398, 'Kain Serbaguna', '-', 10, 2, '0.00', 1, 'cleaning-materials', '2025-05-20 04:09:04', '2025-05-20 04:09:54', 'in-stock'),
(399, 'Sabun Pembersih Lantai', '-', 8, 2, '0.00', 1, 'cleaning-materials', '2025-05-20 04:09:04', '2025-05-20 09:07:09', 'in-stock'),
(400, 'Spons Scotch Brite gabungan', '-', 10, 2, '0.00', 1, 'cleaning-materials', '2025-05-20 04:09:04', '2025-05-20 04:10:04', 'in-stock'),
(401, 'Kamper Toilet', '-', 10, 2, '0.00', 1, 'cleaning-materials', '2025-05-20 04:09:04', '2025-05-20 04:10:09', 'in-stock'),
(402, 'Tisu Basah', '-', 10, 2, '0.00', 1, 'cleaning-materials', '2025-05-20 04:09:04', '2025-05-20 04:10:13', 'in-stock'),
(403, 'Refill Tisu basah', '-', 10, 2, '0.00', 1, 'cleaning-materials', '2025-05-20 04:09:04', '2025-05-20 04:10:17', 'in-stock'),
(404, 'Astonish', '-', 10, 2, '0.00', 1, 'cleaning-materials', '2025-05-20 04:09:04', '2025-05-20 04:10:21', 'in-stock'),
(405, 'Cling Jendela (semprot)', '-', 10, 2, '0.00', 1, 'cleaning-materials', '2025-05-20 04:09:04', '2025-05-20 04:10:25', 'in-stock'),
(406, 'Sabun Colek Ekonomi (ember)', '-', 10, 2, '0.00', 1, 'cleaning-materials', '2025-05-20 04:09:04', '2025-05-20 04:10:29', 'in-stock'),
(407, 'Handsoap botol', '-', 10, 2, '0.00', 1, 'cleaning-materials', '2025-05-20 04:09:04', '2025-05-20 04:10:32', 'in-stock'),
(408, 'Cling Drigen', '-', 10, 2, '0.00', 1, 'cleaning-materials', '2025-05-20 04:09:04', '2025-05-20 04:10:36', 'in-stock'),
(409, 'Hansanitizer botol', '-', 10, 2, '0.00', 1, 'cleaning-materials', '2025-05-20 04:09:04', '2025-05-20 04:10:40', 'in-stock'),
(410, 'Kanebo', '-', 10, 2, '0.00', 0, 'other', '2025-05-20 04:09:04', '2025-05-20 04:10:51', 'in-stock'),
(411, 'Wiper Jendela', '-', 10, 2, '0.00', 1, 'cleaning-materials', '2025-05-20 04:09:04', '2025-05-20 04:10:55', 'in-stock'),
(412, 'Porstex Biru', '-', 10, 2, '0.00', 1, 'cleaning-materials', '2025-05-20 04:09:04', '2025-05-20 04:11:00', 'in-stock'),
(413, 'Bayclin Besar', '-', 10, 2, '0.00', 1, 'cleaning-materials', '2025-05-20 04:09:04', '2025-05-20 04:11:04', 'in-stock'),
(414, 'Chif', '-', 10, 2, '0.00', 1, 'cleaning-materials', '2025-05-20 04:09:04', '2025-05-20 04:11:08', 'in-stock'),
(415, 'Refill Handsanitizer', '-', 10, 2, '0.00', 1, 'cleaning-materials', '2025-05-20 04:09:04', '2025-05-20 04:11:12', 'in-stock'),
(416, 'Handsoap', '-', 10, 2, '0.00', 1, 'cleaning-materials', '2025-05-20 04:09:04', '2025-05-20 04:11:15', 'in-stock'),
(417, 'Hand Pump', '-', 10, 2, '0.00', 1, 'cleaning-materials', '2025-05-20 04:09:04', '2025-05-20 04:11:19', 'in-stock'),
(418, 'saniter', '-', 10, 2, '0.00', 1, 'cleaning-materials', '2025-05-20 04:09:04', '2025-05-20 04:13:46', 'in-stock'),
(419, 'Sikat Sawang', '-', 10, 2, '0.00', 1, 'cleaning-materials', '2025-05-20 04:09:04', '2025-05-20 04:13:35', 'in-stock'),
(420, 'Bola Volly', '-', 10, 2, '0.00', 1, 'other', '2025-05-20 04:09:04', '2025-05-20 04:09:04', 'in-stock'),
(421, 'Sapu Ijuk', '-', 10, 2, '0.00', 1, 'cleaning-materials', '2025-05-20 04:09:04', '2025-05-20 04:13:28', 'in-stock'),
(422, 'Sikat tangan', '-', 10, 2, '0.00', 1, 'cleaning-materials', '2025-05-20 04:09:04', '2025-05-20 04:13:23', 'in-stock'),
(423, 'Keset', '-', 10, 2, '0.00', 1, 'cleaning-materials', '2025-05-20 04:09:04', '2025-05-20 04:13:14', 'in-stock'),
(424, 'Sikat Kloset', '-', 10, 2, '0.00', 1, 'cleaning-materials', '2025-05-20 04:09:04', '2025-05-20 04:13:09', 'in-stock'),
(425, 'Wiper Lantai', '-', 10, 2, '0.00', 1, 'cleaning-materials', '2025-05-20 04:09:04', '2025-05-20 04:13:05', 'in-stock'),
(426, 'Tongkat Rotan', '-', 10, 2, '0.00', 1, 'office-supplies', '2025-05-20 04:09:04', '2025-05-20 04:12:58', 'in-stock'),
(427, 'Tongkat Pengki', '-', 10, 2, '0.00', 1, 'cleaning-materials', '2025-05-20 04:09:04', '2025-05-20 04:12:46', 'in-stock'),
(428, 'Pengki', '-', 10, 2, '0.00', 1, 'cleaning-materials', '2025-05-20 04:09:04', '2025-05-20 04:12:26', 'in-stock'),
(429, 'Ember', '-', 10, 2, '0.00', 1, 'cleaning-materials', '2025-05-20 04:09:04', '2025-05-20 04:12:22', 'in-stock'),
(430, 'Kain Pel', '-', 10, 2, '0.00', 1, 'cleaning-materials', '2025-05-20 04:09:04', '2025-05-20 04:12:18', 'in-stock'),
(431, 'Gayung', '-', 10, 2, '0.00', 1, 'cleaning-materials', '2025-05-20 04:09:04', '2025-05-20 04:12:14', 'in-stock'),
(432, 'Tempat sampah', '-', 10, 2, '0.00', 1, 'cleaning-materials', '2025-05-20 04:09:04', '2025-05-20 04:12:10', 'in-stock'),
(433, 'Kemoceng', '-', 10, 2, '0.00', 1, 'cleaning-materials', '2025-05-20 04:09:04', '2025-05-20 04:12:05', 'in-stock'),
(434, 'Tongkat sapu besi', '-', 10, 2, '0.00', 1, 'cleaning-materials', '2025-05-20 04:09:04', '2025-05-20 04:12:00', 'in-stock'),
(435, 'Tongkat sapu Plastik', '-', 10, 2, '0.00', 1, 'cleaning-materials', '2025-05-20 04:09:04', '2025-05-20 04:11:56', 'in-stock'),
(436, 'Tongkat pel besi', '-', 10, 2, '0.00', 1, 'cleaning-materials', '2025-05-20 04:09:04', '2025-05-20 04:11:53', 'in-stock'),
(437, 'Tongkat sapu kayu', '-', 10, 2, '0.00', 1, 'cleaning-materials', '2025-05-20 04:09:04', '2025-05-20 04:11:48', 'in-stock'),
(438, 'Tongkat pel Plastik', '-', 10, 2, '0.00', 1, 'cleaning-materials', '2025-05-20 04:09:04', '2025-05-20 04:11:44', 'in-stock'),
(439, 'Pengki Kecil', '-', 10, 2, '0.00', 1, 'cleaning-materials', '2025-05-20 04:09:04', '2025-05-20 04:11:39', 'in-stock'),
(440, 'Tongkat Pengki Kecil', '-', 10, 2, '0.00', 1, 'cleaning-materials', '2025-05-20 04:09:04', '2025-05-20 04:11:36', 'in-stock'),
(441, 'Tongkat Pengki Besar', '-', 10, 2, '0.00', 1, 'cleaning-materials', '2025-05-20 04:09:04', '2025-05-20 04:11:31', 'in-stock');

-- Data for table notifications
DELETE FROM notifications;
INSERT INTO notifications VALUES
('08430625-7346-401c-b0c6-1a5a9de220e0', '89590657-dc7d-4541-8316-8f0b10c993cc', 'request_submitted', 'New request: "Request for Filing Cabinet" requires your review', 0, '2025-05-02 20:07:40', '1746088141544'),
('30dfc40c-5da2-4051-8880-9902b639ee10', '89590657-dc7d-4541-8316-8f0b10c993cc', 'request_submitted', 'New request: "New Laptop Request" requires your review', 0, '2025-05-02 20:07:40', '25d67ba7-a2b8-4815-9e09-5db474fa95ac'),
('52db0335-9e85-4aa9-b6d7-490f9a2d72b5', '8037e703-807f-43de-a378-cc6305d69bb0', 'request_submitted', 'Your request for "New Laptop Request" has been submitted', 0, '2025-05-02 20:07:40', '25d67ba7-a2b8-4815-9e09-5db474fa95ac'),
('57186334-0447-4693-b741-897ab9c30d34', '733dce62-3971-4448-8fc7-2d5e77928b00', 'request_submitted', 'Your request for "Direct Insert Test" has been submitted', 0, '2025-05-02 20:07:40', '12122cb4-edf3-468a-b9df-2d70d1f30430'),
('9575b256-ecf8-4411-8ea6-caff8ba2a8ba', '733dce62-3971-4448-8fc7-2d5e77928b00', 'request_submitted', 'Your request for "Request for Filing Cabinet" has been submitted', 0, '2025-05-02 20:07:40', '1746088141544'),
('ba618aff-c64d-466c-8489-789612a21506', '89590657-dc7d-4541-8316-8f0b10c993cc', 'request_submitted', 'New request: "Direct Insert Test" requires your review', 0, '2025-05-02 20:07:40', '12122cb4-edf3-468a-b9df-2d70d1f30430');

-- Data for table request_items
DELETE FROM request_items;
INSERT INTO request_items VALUES
(1, '031ae30b-348e-11f0-aa83-9828a6127832', 3, 1, '2025-05-19 08:48:19', '2025-05-19 08:48:19'),
(2, 'e9745e5e-3496-11f0-aa83-9828a6127832', 2, 2, '2025-05-19 09:52:01', '2025-05-19 09:52:01'),
(3, '89736f02-34aa-11f0-aa83-9828a6127832', 4, 3, '2025-05-19 12:12:30', '2025-05-19 12:12:30'),
(4, 'fd766b0c-34aa-11f0-aa83-9828a6127832', 4, 3, '2025-05-19 12:15:44', '2025-05-19 12:15:44'),
(5, 'b02eeedd-3502-11f0-aa83-9828a6127832', 10, 2, '2025-05-19 22:43:31', '2025-05-19 22:43:31'),
(6, 'bba78a91-3533-11f0-aa83-9828a6127832', 389, 2, '2025-05-20 04:34:35', '2025-05-20 04:34:35'),
(7, '4879f09a-3534-11f0-aa83-9828a6127832', 228, 2, '2025-05-20 04:38:31', '2025-05-20 04:38:31'),
(8, '20db756e-3535-11f0-aa83-9828a6127832', 10, 2, '2025-05-20 04:44:34', '2025-05-20 04:44:34'),
(9, 'd9f47bb6-3541-11f0-aa83-9828a6127832', 420, 2, '2025-05-20 06:15:39', '2025-05-20 06:15:39'),
(10, 'fe4dcc02-3542-11f0-aa83-9828a6127832', 4, 2, '2025-05-20 06:23:49', '2025-05-20 06:23:49'),
(11, '662a28ba-3543-11f0-aa83-9828a6127832', 4, 1, '2025-05-20 06:26:44', '2025-05-20 06:26:44'),
(12, 'e9fed320-3543-11f0-aa83-9828a6127832', 232, 2, '2025-05-20 06:30:25', '2025-05-20 06:30:25'),
(13, '0dc77b7c-3546-11f0-aa83-9828a6127832', 11, 2, '2025-05-20 06:45:44', '2025-05-20 06:45:44'),
(14, '4740de75-3547-11f0-aa83-9828a6127832', 399, 2, '2025-05-20 06:54:30', '2025-05-20 06:54:30'),
(15, '95756965-3681-11f0-bbe7-9828a6127832', 11, 2, '2025-05-21 20:24:23', '2025-05-21 20:24:23'),
(16, 'ea2202d8-8628-4003-80c5-0fe5ea1bb309', 2, 1, '2025-05-21 23:08:19', '2025-05-21 23:08:19'),
(17, '9e30e153-b84b-48b2-8dfb-45050e0b1b89', 420, 2, '2025-05-21 23:09:15', '2025-05-21 23:09:15'),
(18, '1b852a7d-0f8a-4fc1-949e-1846d80c46bd', 229, 2, '2025-05-21 23:16:42', '2025-05-21 23:16:42'),
(19, '514e468b-bda4-4ef9-8220-c78e409ce315', 259, 3, '2025-05-21 23:45:08', '2025-05-21 23:45:08'),
(20, '2d476988-f6fb-4a9e-aa09-b4013ff5d806', 4, 2, '2025-05-22 00:57:08', '2025-05-22 00:57:08');

-- Data for table requests
DELETE FROM requests;
INSERT INTO requests VALUES
('031ae30b-348e-11f0-aa83-9828a6127832', 'Request for Keyboard', '1', 'Request for Keyboard: Mechanical keyboard', 'medium', '2025-05-18 17:00:00', 'denied', '2025-05-19 08:48:19', '2025-05-19 12:01:18'),
('0dc77b7c-3546-11f0-aa83-9828a6127832', 'Kanebo', '3', 'hh', 'medium', '2025-05-19 17:00:00', 'pending', '2025-05-20 06:45:44', '2025-05-20 06:45:44'),
('1b852a7d-0f8a-4fc1-949e-1846d80c46bd', 'Lakban Kertas Besar', '3', 'ff', 'medium', '2025-05-21 17:00:00', 'pending', '2025-05-21 23:16:42', '2025-05-21 23:16:42'),
('20db756e-3535-11f0-aa83-9828a6127832', 'Galon', '14', 'minum', 'medium', '2025-05-19 17:00:00', 'pending', '2025-05-20 04:44:34', '2025-05-20 04:44:34'),
('2d476988-f6fb-4a9e-aa09-b4013ff5d806', 'Mouse', '6e00be5f-7187-429d-af71-efd90bb37cf2', 'dd', 'medium', '2025-05-21 17:00:00', 'approved', '2025-05-22 00:57:08', '2025-05-22 01:10:20'),
('4740de75-3547-11f0-aa83-9828a6127832', 'Sabun Pembersih Lantai', '14', 'jj', 'medium', '2025-05-19 17:00:00', 'approved', '2025-05-20 06:54:30', '2025-05-20 09:07:09'),
('4879f09a-3534-11f0-aa83-9828a6127832', 'Lakban Kertas Kecil', '14', 'butuh', 'medium', '2025-05-19 17:00:00', 'pending', '2025-05-20 04:38:31', '2025-05-20 04:38:31'),
('514e468b-bda4-4ef9-8220-c78e409ce315', 'tipe x', '6e00be5f-7187-429d-af71-efd90bb37cf2', 'ss', 'medium', '2025-05-21 17:00:00', 'approved', '2025-05-21 23:45:08', '2025-05-21 23:45:42'),
('662a28ba-3543-11f0-aa83-9828a6127832', 'Mouse', '3', 'f', 'medium', '2025-05-19 17:00:00', 'pending', '2025-05-20 06:26:44', '2025-05-20 06:26:44'),
('89736f02-34aa-11f0-aa83-9828a6127832', 'Request for Mouse', '1', 'Request for Mouse: Wireless mouse', 'medium', '2025-05-18 17:00:00', 'approved', '2025-05-19 12:12:30', '2025-05-19 12:12:42'),
('95756965-3681-11f0-bbe7-9828a6127832', 'Kanebo', '3', 'cc', 'medium', '2025-05-21 17:00:00', 'pending', '2025-05-21 20:24:23', '2025-05-21 20:24:23'),
('9e30e153-b84b-48b2-8dfb-45050e0b1b89', 'Bola Volly', '3', 'kk', 'medium', '2025-05-21 17:00:00', 'pending', '2025-05-21 23:09:15', '2025-05-21 23:09:15'),
('b02eeedd-3502-11f0-aa83-9828a6127832', 'Galon', '3', 'dd', 'medium', '2025-05-19 17:00:00', 'approved', '2025-05-19 22:43:31', '2025-05-19 22:57:00'),
('bba78a91-3533-11f0-aa83-9828a6127832', 'Tisu Kasar', '3', 's', 'medium', '2025-05-19 17:00:00', 'pending', '2025-05-20 04:34:35', '2025-05-20 04:34:35'),
('d9f47bb6-3541-11f0-aa83-9828a6127832', 'Bola Volly', '3', 'game', 'medium', '2025-05-19 17:00:00', 'pending', '2025-05-20 06:15:39', '2025-05-20 06:15:39'),
('e9745e5e-3496-11f0-aa83-9828a6127832', 'Request for Monitor', '1', 'Request for Monitor: 24 inch display', 'medium', '2025-05-18 17:00:00', 'approved', '2025-05-19 09:52:01', '2025-05-19 12:01:10'),
('e9fed320-3543-11f0-aa83-9828a6127832', 'Double tape 1/2 in', '3', 'x', 'medium', '2025-05-19 17:00:00', 'pending', '2025-05-20 06:30:25', '2025-05-20 06:30:25'),
('ea2202d8-8628-4003-80c5-0fe5ea1bb309', 'Test Request', '1', 'Testing', 'medium', NULL, 'pending', '2025-05-21 23:08:19', '2025-05-21 23:08:19'),
('fd766b0c-34aa-11f0-aa83-9828a6127832', 'Request for Mouse', '1', 'Request for Mouse: Wireless mouse', 'medium', '2025-05-18 17:00:00', 'approved', '2025-05-19 12:15:44', '2025-05-19 12:15:59'),
('fe4dcc02-3542-11f0-aa83-9828a6127832', 'Mouse', '3', 'd', 'medium', '2025-05-19 17:00:00', 'pending', '2025-05-20 06:23:49', '2025-05-20 06:23:49');

-- Data for table users
DELETE FROM users;
INSERT INTO users VALUES
('1', 'Admin User', 'admin1@example.com', 'admin123', 'admin', NULL, NULL, '2025-05-17 11:57:52'),
('10', 'Intan Chaya', 'intanchaya21@gmail.com', '$2a$10$QnDalji4Dj40S8/IB3HS3.OUKdHcDO1U.HFIVtZ9n3nn1.wAPXLee', 'admin', 'General Affair', NULL, '2025-05-08 01:27:21'),
('11', 'Ridwan', 'ridwanfarid213@gmail.com', '$2a$10$6wxsMiuVMWYnrHPgwdNyqeL5v7Qumft0/RroRRKiXbr1tVwG3DIoS', 'user', 'General Affair', NULL, '2025-05-09 02:18:15'),
('12', 'Admin User', 'admin@example.com', 'password123', 'admin', NULL, NULL, '2025-05-09 19:17:38'),
('14', 'Regular User', 'user@example.com', 'password123', 'user', NULL, NULL, '2025-05-09 19:17:38'),
('15', 'Regular User', 'user@gudangmitra.com', '$2a$10$TkIhkZz0ur0OGbmOTp9uMeuyB64L8opCa9AWTNBxHdHOnFEitUFO.', 'user', 'Sales', '/img/avatars/user.jpg', '2025-05-09 22:51:33'),
('17', 'Sarah Johnson', 'sarah@gudangmitra.com', '$2a$10$TkIhkZz0ur0OGbmOTp9uMeuyB64L8opCa9AWTNBxHdHOnFEitUFO.', 'user', 'Finance', '/img/avatars/user3.jpg', '2025-05-09 22:51:33'),
('18', 'Reza Maulana', 'mreza3074@gmail.com', '$2a$10$D5n5rjQucquFnEkGjXkFZO4ybh7qnmeBtsNoOKmr1lLClZjzu78MG', 'user', 'Kesiswaan', NULL, '2025-05-10 00:41:44'),
('3', 'Nug', 'manager@gudangmitra.com', '$2b$10$0.r4erV9XBZhKwGP2lzqL.MURRLUCcUEKP3RBrEScJSzcpr9zXFrq', 'manager', 'Operations', NULL, '2025-05-06 03:37:49'),
('4', 'nug', 'nug@example.com', '$2b$10$IQ2Z64rzqGME6McSxoj2nOlADK1103yeyuY3CnnH9S6dDKrHZZ5sq', 'user', 'Webdev', NULL, '2025-05-06 14:05:21'),
('5', 'Diah Maulias DP', 'diahmaulias@smkind-mm2100.sch.id', '$2a$10$CCX8kC.Ra/jK6Pv9N8PzMORCt.MkZiBtAWgM2RPtucCvec3Zi61r2', 'user', 'General Affairs', NULL, '2025-05-08 02:15:47'),
('6', 'Diva Alysha', 'divaalysha@smkind-mm2100.sch.id', '$2a$10$OeyVVPUv3sLFnrPbsoCpcevmBS.Uv/.P5.CWmZPx6AJW.i7EFr2Ra', 'user', 'GA', NULL, '2025-05-08 02:16:09'),
('6e00be5f-7187-429d-af71-efd90bb37cf2', 'bob', 'bob@example.com', 'password', 'user', NULL, NULL, '2025-05-21 23:42:23'),
('8', 'Adhista Cindy', 'adhistacindy99@gmail.com', '$2a$10$T.OGJidjpJq0ade9ljfGGOzAgEQ.7EZwgKzpboXikxdAeSi/Vu/aK', 'user', '-', NULL, '2025-05-08 22:46:21'),
('80770c6f-2182-49ba-b68c-3119a878e045', 'Test User', 'testuser2@example.com', 'password123', 'user', NULL, NULL, '2025-05-21 23:23:59'),
('83913d30-2156-4fe9-ae5c-dd8726d10d93', 'Test User', 'testuser3@example.com', 'password123', 'user', NULL, NULL, '2025-05-21 23:39:30'),
('8a30d92b-df91-4f81-b3a0-ab6118f5bfdb', 'Admin User', 'admin@gudangmitra.com', '$2a$10$TkIhkZz0ur0OGbmOTp9uMeuyB64L8opCa9AWTNBxHdHOnFEitUFO.', 'admin', 'IT', NULL, '2025-05-02 20:10:47'),
('8cdcf80f-9ed5-4a95-b9fe-8d41a0e8fdde', 'Custom User', 'custom@gudangmitra.com', 'password123', 'manager', 'IT', NULL, '2025-05-18 00:46:58'),
('9', 'Enggar Fata ', 'enggarfata.11tkr2@gmail.com', '$2a$10$RDRWOqhruQ52Qr4WTCgulOoUar27DzArsBJgMvnrhTiWSG6F2y8DG', 'user', 'TKR', NULL, '2025-05-08 22:52:52'),
('user_requester', 'Requester User', 'requester@example.com', '$2y$12$XXD2fVUrwab/A3uzhG85qub/8EFYZHk94aaZwXzAh3NSpg.cpbE8C', '', 'Engineering', NULL, '2025-05-16 19:19:31');

